iter	MultiClass
0	0.9590701294
1	0.861530838
